name,meaning,name_origin,meaning_origin,birth_flower,trivia,image_url
サイネリア,"いつも快活,喜び,望みある悩み",昔の学名「Cineraria」はラテン語で「灰色」という意味です。葉の裏に灰色の綿毛が生えていることから。和名は「富貴菊（フウキギク）」。,冬から春にかけて、カラフルな花をドーム状にこんもりと咲かせる姿が、とても明るく元気に見えることから「いつも快活」「喜び」。日本では「シネリア」という名前が「死」に聞こえて縁起が悪いため、「サイネリア」と言い換えられるようになりました。,"1月4日,2月14日,12月2日",キク科。カナリア諸島原産。卒業式や入学式を彩る鉢植えとして定番ですが、実は寒さに弱いので管理には注意が必要です。,https://upload.wikimedia.org/wikipedia/commons/e/ed/Cineraria_maritima_flower.jpg
サクラ（桜）,"精神の美,優美な女性,純潔,優れた教育",日本神話の女神「コノハナサクヤヒメ」の「サクヤ」が変化して「サクラ」になったと言われています。また、稲の神様が降りてくる場所（座＝クラ）という意味もあるそうです。,満開の美しさだけでなく、散り際の潔さや美しさを、昔から日本人は「精神の美」として大切にしてきました。アメリカ初代大統領ワシントンが、子供の頃に桜の木を切ったことを正直に謝った逸話から「優れた教育」や「精神の美」が連想されたとも言われます。,"3月28日,4月1日,4月9日",バラ科。北半球に広く分布していますが、実質的な日本の国花です。ソメイヨシノは全て接ぎ木で増やされたクローンなので、地域ごとに一斉に咲いて一斉に散ります。,https://upload.wikimedia.org/wikipedia/commons/0/0c/Cherry_Blossoms_at_High_Park.jpg
サクラソウ（桜草）,"初恋,憧れ,純潔,自然の美しさを失わない",花の形や色が桜に似ていて、草であることからそのまま「桜草」と名付けられました。江戸時代に大ブームになり、たくさんの品種が作られた伝統的な植物です。,早春の野原で、桜に似たハート型の花びらを持つピンク色の花がひっそりと咲く姿が、純粋な少女の「初恋」や「憧れ」を思わせます。開発で野生のサクラソウが減ってしまいましたが、その可憐な姿は「自然の美しさを失わない」ことのシンボルでもあります。,"2月1日,2月24日,4月28日",サクラソウ科。日本、朝鮮半島原産。さいたま市の田島ヶ原には、国の特別天然記念物に指定されている貴重な自生地があります。西洋のプリムラの親戚です。,https://upload.wikimedia.org/wikipedia/commons/c/c3/Primula_sieboldii_7.jpg
サカキ（榊）,"神を尊ぶ,控えめな美点,揺るがない",神様の世界と人間界の境にある木「境木（さかき）」が変化した説や、一年中緑の葉が茂る「繁木（さかき）」に由来する説があります。,天岩戸の神話で、天照大神を岩戸から誘い出すために、神々がこの木の枝に鏡や勾玉を飾って祈ったことから、神事には欠かせない「神を尊ぶ」木とされました。,11月12日,サカキ科。日本、東アジア原産。神棚にお供えする植物としておなじみです。関東より北ではサカキが育ちにくいため、似ているヒサカキ（非榊）が代用されることが多いです。,https://upload.wikimedia.org/wikipedia/commons/6/6f/Cleyera_japonica_1.jpg
サザンカ（山茶花）,"困難に打ち勝つ,ひたむきさ,理想の愛",中国語でツバキの仲間を指す「山茶（サンサ）」の花という意味で「山茶花（サンサカ）」となり、それが言いやすい「サザンカ」に変化しました。,他の植物が枯れてしまう寒い冬に、冷たい北風にも負けず鮮やかな赤やピンクの花を咲かせるけなげな姿から「困難に打ち勝つ」「ひたむきさ」という強い意志を表す言葉が生まれました。,"11月16日,12月4日",ツバキ科。日本固有種。ツバキとそっくりですが、ツバキは花が丸ごと落ちるのに対し、サザンカは花びらが一枚ずつハラハラと散るのが見分けるポイントです。,https://upload.wikimedia.org/wikipedia/commons/d/d4/Camellia_sasanqua01.jpg
サボテン（仙人掌）,"燃える心,偉大,枯れない愛,暖かい心",16世紀にポルトガル人がウチワサボテンの樹液を石鹸（シャボン）として使っていたことから「石鹸体（シャボンテイ）」と呼ばれ、それがなまって「サボテン」になったと言われています。,水のない砂漠でも枯れずに生き抜き、たっぷりと水分を蓄えている姿から「枯れない愛」「暖かい心」。トゲトゲした無骨な見た目とは裏腹に、情熱的で鮮やかな美しい花を咲かせることから「燃える心」とも。,"7月29日,12月10日",サボテン科。南北アメリカ大陸原産。漢字の「仙人掌」は中国名で、ウチワサボテンが仙人の手のひらのように見えることに由来します。,https://upload.wikimedia.org/wikipedia/commons/e/e5/Saftpaguera.jpg
サフラン,"歓喜,過度をつつしめ,濫用するな,陽気",アラビア語で「黄色」を意味する言葉に由来します。雌しべから採れる染料が鮮やかな黄色になるからです。,大昔から高価な香料や薬として使われ、その香りが人々を楽しい気分にさせ、痛みを和らげたことから「歓喜」。しかし、使いすぎると麻痺などを引き起こす危険があることから「過度をつつしめ」という警告の意味も込められています。,"1月4日,11月14日",アヤメ科。地中海沿岸原産。たった1gのサフランを採るのに160個以上の花が必要という、世界一高価なスパイスです。パエリアのあの黄色はこの花の色です。,https://upload.wikimedia.org/wikipedia/commons/8/87/Crocus_sativus2.jpg
サギソウ（鷺草）,"夢でもあなたを想う,清純,繊細,神秘的な愛",真っ白な花の形が、翼を広げて飛んでいるシラサギ（鷺）の姿にそっくりなことから名付けられました。,世田谷区に伝わる「常盤姫」の伝説が由来です。無実の罪で追われた姫が、身の潔白を証明するために自害し、遺書を託して飛ばした白鷺が力尽きて落ちた場所から、この花が咲いたという悲しくも美しい物語から「夢でもあなたを想う」とされました。,"8月13日,8月21日",ラン科。日本、東アジア原産。日当たりの良い湿地に生えますが、開発や乱獲で激減し、今は環境省の準絶滅危惧種になっています。,https://upload.wikimedia.org/wikipedia/commons/7/77/Habenaria_radiata_flower_1.JPG
サツキ（皐月）,"節制,貞淑,幸福,協力を得られる",旧暦の5月（皐月）に花が咲くことから名付けられました。ツツジの仲間ですが、普通のツツジより1ヶ月ほど遅く咲きます。,岩場や川沿いなどの厳しい環境でも、低く構えて美しく咲く姿から、欲を抑えた「節制」や、控えめな女性を表す「貞淑」。川岸の岩場でお互いに支え合うように集まって生えることから「協力を得られる」とも。,"5月12日,5月19日",ツツジ科。日本原産。盆栽として非常に人気があります。ツツジに比べて葉っぱが小さくて硬く、ツヤがあるのが特徴です。,https://upload.wikimedia.org/wikipedia/commons/c/ce/Rhododendron_indicum.jpg
サポナリア,"清廉,純愛,賢明な行動",ラテン語の「石鹸（sapo）」に由来します。葉や根を水で揉むと、石鹸のように泡立つ成分が含まれているからです。和名は「石鹸草（シャボンソウ）」。,淡いピンク色の花が、優しく控えめに咲く姿から「純愛」「清廉」。かつてヨーロッパでは、この植物の煮汁を洗剤代わりにして羊毛を洗っていた歴史があり、生活に役立つことから「賢明な行動」とされました。,"5月20日,6月21日",ナデシコ科。ヨーロッパ原産。明治時代に日本に来ました。天然の石鹸成分を含んでいますが、食べると毒なので注意が必要です。,https://upload.wikimedia.org/wikipedia/commons/2/22/Saponaria_officinalis_LC0158.jpg
サルビア,"尊敬,知恵,良い家庭,燃える思い",ラテン語で「健康」や「救う」を意味する言葉が由来です。ハーブのセージ（薬用サルビア）が万能薬とされていたためです。,古くから「庭にサルビア（セージ）があれば医者いらず」と言われるほど薬効が高く、人々を救い長寿をもたらすことから「知恵」「尊敬」。観賞用の赤いサルビアは、その燃え上がる炎のような姿から「燃える思い」とされました。,"8月31日,9月19日,10月4日",シソ科。ブラジル原産。花壇でよく見る赤いサルビアが有名ですが、本来はハーブの仲間です。花の蜜を吸って遊んだ思い出がある人も多いかもしれません。,https://upload.wikimedia.org/wikipedia/commons/a/aa/Salvia_splendens_R.B.G.Kew.jpg
サルスベリ（百日紅）,"雄弁,愛敬,活動,不用意",樹皮がツルツルしていて、木登り上手な猿でも滑って落ちそうなことから「猿滑」。漢字の「百日紅」は、赤い花が100日間も咲き続けることに由来します。,枝が風に揺れる様子がおしゃべりをしているように見え、華やかな花を咲かせることから「雄弁」。一方で、猿も滑るというイメージから、愛すべきドジな点として「愛敬」や、油断してはいけないという「不用意」という意味も。,"8月5日,8月29日",ミソハギ科。中国原産。夏の間中、次々と花を咲かせます。実際には猿は滑ることなくスルスルと登ってしまうそうです。,https://upload.wikimedia.org/wikipedia/commons/c/c0/Lagerstroemia_indica_01.jpg
サンセベリア,"永久,不滅",18世紀のイタリアの貴族、サン・セベロ公の名前にちなんで名付けられました。和名は「虎の尾（トラノオ）」。,葉が肉厚でとても丈夫で、水のない乾燥した場所でも枯れずに長い年月緑を保ち続ける生命力の強さから、終わりのない「永久」「不滅」という言葉がつきました。,6月20日,キジカクシ科。アフリカ原産。マイナスイオンを出す空気清浄植物として有名です。葉の縞模様が虎の尻尾に見えることから「トラノオ」とも呼ばれます。,https://upload.wikimedia.org/wikipedia/commons/f/fb/Sansevieria_trifasciata_Laurentii.jpg
サンダーソニア,"望郷,祈り,愛嬌,祝福",19世紀に南アフリカでこの花を発見したジョン・サンダーソンにちなみます。花の形から「クリスマス・ベル」とも呼ばれます。,発見者のサンダーソンたちが、故郷イギリスを遠く離れた南アフリカで、この提灯のような形をした花を見て、遠い故郷を懐かしんだことから「望郷」。教会の鐘のような形から「祈り」「祝福」とも。,"5月26日,11月18日",イヌサフラン科。南アフリカ原産。一属一種の珍しい植物です。鮮やかなオレンジ色のベルのような花を下向きに咲かせる可愛い花です。,https://upload.wikimedia.org/wikipedia/commons/7/75/Sandersonia_aurantiaca_2.jpg
サンザシ（山査子）,"希望,慎重,唯一の恋",中国原産で、山に生える査（野生のリンゴやナシの意味）であることから「山査子」と名付けられました。,キリストが処刑される際にかぶらされた「茨（いばら）の冠」は、このサンザシの枝で作られたという伝説があります。そのトゲが魔除けになると信じられ、また春に美しい白い花を咲かせることから、苦難の後の「希望」を象徴します。,5月21日,バラ科。中国原産。赤い実は甘酸っぱく、お菓子（サンザシスティックなど）や果実酒、胃薬として広く利用されています。,https://upload.wikimedia.org/wikipedia/commons/9/90/Crataegus_monogyna_flower.jpg
サネカズラ（実葛）,"再会,好機をつかむ",実（サネ）が美しいつる植物（カズラ）であることから。別名の「美男葛（ビナンカズラ）」は、昔の男性がこの樹液で髪を整えたことに由来します。,小倉百人一首の「名にし負はば...（誰にも知られずにあなたの所へ行く方法があればいいのに）」という三条右大臣の恋の歌に由来し、愛しい人との「再会」を願うロマンチックな花言葉がつきました。,11月6日,マツブサ科。日本、東アジア原産。秋になると、赤い小さな実が集まったキイチゴのような実をつけます。,https://upload.wikimedia.org/wikipedia/commons/9/97/Kadsura_japonica_fruit.jpg
シクラメン,"内気,はにかみ,嫉妬,遠慮",茎がくるくると螺旋状に丸まる性質があるため、ギリシャ語の「円・旋回（kyklos）」に由来します。和名は「篝火花（カガリビバナ）」。,ソロモン王が王冠のデザインにしようと花たちに頼んだ時、唯一承諾してくれたシクラメンが、恥ずかしさと感謝でうつむいてしまったという伝説から「内気」「はにかみ」。真っ赤な花が燃え上がる嫉妬の炎に見えることから「嫉妬」とも。,"12月7日,12月10日,12月22日",サクラソウ科。地中海地方原産。冬の鉢花の女王です。日本は品種改良がとても進んでいて、青いシクラメンや香りのある品種などが次々と生まれています。,https://upload.wikimedia.org/wikipedia/commons/6/63/Cyclamen_persicum_2.jpg
シオン（紫苑）,"追憶,君を忘れない,遠方にある人を思う",背が高く、秋に紫色の花を咲かせることから「紫苑（しおん）」と名付けられました。『今昔物語集』にも登場する古い花です。,『今昔物語集』の物語が由来です。父の死後、墓参りを欠かさなかった弟が、父を忘れないようにと墓前に「思い草（シオン）」を植えました。これを見た鬼が弟の孝行心に感動し、予知能力を与えたという伝説から「追憶」「君を忘れない」とされました。,"9月9日,9月28日,10月16日",キク科。日本、東アジア原産。平安時代から観賞用として育てられてきました。十五夜のお月見にススキと一緒にお供えされることも多いです。,https://upload.wikimedia.org/wikipedia/commons/2/29/Aster_tataricus.jpg
シバザクラ（芝桜）,"合意,一致,臆病な心,忍耐",芝生のように地面を這って広がり、桜に似た形の花を咲かせることから名付けられました。,小さな花がぎっしりと咲き、まるでピンクや白の絨毯のように地面を埋め尽くす様子から、心が一つになる「合意」「一致」とされました。踏まれても耐える強さや、群れて咲く様子から「忍耐」「臆病な心」とも言われます。,"4月8日,4月20日",ハナシノブ科。北米原産。春の観光名所として、富士山の麓などで大規模に植えられています。乾燥に強く、石垣や斜面の緑化にも使われる働き者です。,https://upload.wikimedia.org/wikipedia/commons/7/77/Phlox_subulata_in_Mount_Buko_20190503_01.jpg
シモツケ（下野）,"整然とした愛,努力,無益,自由",日本庭園にも使われる低木で、下野国（現在の栃木県）で最初に発見されたことから「シモツケ」と名付けられました。,小さなピンク色の花が、枝先に集まって平らに咲く様子がきちんとして見えることから「整然とした愛」。厳しい環境でも育ち、美しい花を咲かせることから「努力」とも。,"6月14日,8月22日",バラ科。日本原産。高原の日当たりの良い場所に自生しています。小さな花から長い雄しべが飛び出していて、フワフワとした見た目が可愛らしい花です。,https://upload.wikimedia.org/wikipedia/commons/9/91/Spiraea_japonica_flower.jpg
シャクナゲ（石楠花）,"威厳,荘厳,危険,高嶺の花",中国名の「石南（シャクナン）」が変化してシャクナゲになったと言われています。本来の「石南」は別の植物でしたが、誤ってこの名前が定着しました。,断崖絶壁や高山の奥地など、人が簡単には近づけない場所に自生し、美しく豪華な花を咲かせる姿から「高嶺の花」「威厳」。葉に毒を持っていて、食べると吐き気や呼吸困難を起こすことから「危険」という警告の意味もあります。,"5月5日,5月8日,6月5日",ツツジ科。北半球の寒い地域や高山に分布します。ネパールの国花です。昔は採りに行くのが命がけだったため、神聖な花として扱われていました。,https://upload.wikimedia.org/wikipedia/commons/2/23/Rhododendron_metternichii_var._hondoense_f02.jpg
シャクヤク（芍薬）,"恥じらい,はにかみ,謙遜,必ず来る幸せ",姿がしなやかで優しいという意味の「綽約（しゃくやく）」という言葉が語源と言われています。「立てば芍薬、座れば牡丹、歩く姿は百合の花」という美人の例えで有名です。,豪華で美しい大輪の花を咲かせますが、夕方になると恥じらうように花を閉じてしまうことや、はにかみ屋の妖精が隠れているというイギリスの民話から「恥じらい」「謙遜」。根が漢方薬として女性の病気などに効くことから、健康と美を取り戻す「必ず来る幸せ」とされました。,"2月8日,5月14日,5月20日",ボタン科。中国原産。ボタンは「木」ですが、シャクヤクは「草」です。その美しさは圧倒的で、西洋では「5月のバラ」と呼ばれています。,https://upload.wikimedia.org/wikipedia/commons/e/e5/Paeonia_lactiflora.jpg
ジャスミン（茉莉花）,"愛らしさ,官能的,優美,あなたは私のもの",ペルシャ語で「神からの贈り物」という意味の「yasmin」に由来します。和名の「茉莉花（マツリカ）」はサンスクリット語由来です。,夜になると濃厚で甘い香りを放ち、その香りが媚薬として使われたり、クレオパトラが愛した香りであることから「官能的」「あなたを酔わせる」。白く小さな花が集まって咲く可愛い姿から「愛らしさ」「優美」とも。,6月8日,モクセイ科。アジア、アフリカの熱帯原産。「香りの王様」と呼ばれ、香水やジャスミンティーに使われます。フィリピンやインドネシアの国花でもあります。,https://upload.wikimedia.org/wikipedia/commons/9/98/Jasminum_sambac_flower.jpg
ジンチョウゲ（沈丁花）,"栄光,不死,不滅,永遠",香木の「沈香（ジンコウ）」のような良い香りと、「丁子（チョウジ＝クローブ）」のような花の形を持つことから名付けられました。,一年中緑の葉を茂らせる常緑樹で、早春にどこよりも早く香りを放って春の訪れを告げる姿から、勝利や永遠の命を象徴して「栄光」「不滅」。ギリシャ神話で月桂樹（ダフネ）に変身したニンフの伝説と混同されることもあります。,"2月10日,2月23日,12月15日",ジンチョウゲ科。中国原産。日本三大芳香木の一つです。雄の木と雌の木がありますが、日本にあるのはほとんどが雄の木なので、実を見ることはめったにありません。,https://upload.wikimedia.org/wikipedia/commons/5/52/Daphne_odora01.jpg
ジギタリス,"熱愛,不誠実,隠されぬ恋,胸の思い",学名はラテン語の「指」に由来します。花の形が指サックに似ているからです。和名は「狐の手袋（キツネノテブクロ）」。,植物全体に猛毒を含んでいますが、適量であれば心臓病の薬（強心剤）になるという二面性から、恋の病を治す薬にもなれば命を奪う毒にもなるとして「熱愛」「不誠実」。毒草であることを警告する意味で「隠されぬ恋」とも言われます。,6月13日,オオバコ科。ヨーロッパ原産。イングリッシュガーデンの定番ですが、誤って食べると死に至る危険があるため、取り扱いには十分注意が必要です。別名「死人の鐘」とも呼ばれます。,https://upload.wikimedia.org/wikipedia/commons/a/a2/Digitalis_purpurea_Camellia_Plantation.jpg
シラン（紫蘭）,"互いに忘れないように,あなたを忘れない,変わらぬ愛",美しい紫色の花を咲かせる蘭であることから、そのまま「紫蘭」と名付けられました。,うつむき加減に咲く紫色の花が、どこか寂しげで哀愁を帯びていることから、離れ離れになる恋人同士が交わす約束のように「互いに忘れないように」「変わらぬ愛」というロマンチックな花言葉がつきました。,"5月6日,5月31日",ラン科。日本、中国原産。野生のランとしては珍しくとても丈夫で、庭先や公園で放っておいてもよく育ちます。根茎は止血剤などの漢方薬になります。,https://upload.wikimedia.org/wikipedia/commons/c/c2/Bletilla_striata_flower_closeup.jpg
シラカバ（白樺）,"あなたをお待ちします,忍耐,光と豊富",樹皮が白くて美しいことから「白樺」。高原の風景には欠かせないシンボル的な樹木です。,高原の厳しい寒さや雪の中で、真っ白な幹をすっくと伸ばして立つ姿が、誰かの帰りを静かに待ち続けているように見えることから「あなたをお待ちします」。春になると大量の樹液を吸い上げることから「光と豊富」とも。,4月2日,カバノキ科。北半球の寒い地域原産。樹皮は油分を含んでいて、天然の着火剤として使えます。樹液はキシリトールの原料や化粧水として利用されます。,https://upload.wikimedia.org/wikipedia/commons/d/d3/Betula_platyphylla.jpg
シュウカイドウ（秋海棠）,"片思い,恋の悩み,未熟",春に咲く「海棠（カイドウ）」に似ていて、秋に咲くことから名付けられました。ベゴニアの仲間です。,葉の形が左右非対称で、片方が大きく片方が小さい（欠けているように見える）ことから、ハートが割れている＝「片思い」を連想させました。うつむいて咲くピンク色の花が、恋に悩む乙女の姿に見えることから「恋の悩み」。,"8月29日,9月15日",シュウカイドウ科。中国原産。江戸時代に日本に来て、松尾芭蕉も句に詠んだ風流な花です。日陰で湿り気のある場所を好みます。,https://upload.wikimedia.org/wikipedia/commons/6/60/Begonia_grandis_subsp._evansiana_02.jpg
シュウメイギク（秋明菊）,"薄れゆく愛,淡い思い,忍耐",秋に菊に似た明るい花を咲かせることから「秋明菊」。名前に菊とつきますが、実はアネモネの仲間です。,秋風に揺れる花びら（実際はガク）が、どこか儚げで寂しさを感じさせることや、花びらが散りやすいことから、移ろいゆく心や「薄れゆく愛」を象徴します。京都の貴船周辺に多く自生することから「貴船菊」とも呼ばれます。,"9月14日,9月30日,10月8日",キンポウゲ科。中国原産。古い時代に日本に来て野生化しました。英語では「ジャパニーズ・アネモネ」と呼ばれます。,https://upload.wikimedia.org/wikipedia/commons/7/77/Anemone_hupehensis_var._japonica_01.jpg
ショウブ（菖蒲）,"うれしい知らせ,心意気,優雅",剣のような葉の形が、武士の刀を連想させることから「尚武（武道を重んじる）」に通じるとされました。,端午の節句（こどもの日）に、この葉を入れて「菖蒲湯」に入り、邪気を払って健康を願う習慣があることから、邪気を払う強い力＝「心意気」。独特の清々しい香りが、良い知らせを運んでくると信じられ「うれしい知らせ」。,"5月5日,5月10日",ショウブ科。日本、東アジア原産。花は地味な棒状で、きれいな花が咲く「ハナショウブ（アヤメ科）」とは全く別の植物です。,https://upload.wikimedia.org/wikipedia/commons/c/ce/Acorus_calamus2.jpg
ジャーマンアイリス,"使者,恋のメッセージ,燃える思い,豊満",ヨーロッパ原産のアイリスを元に、ドイツなどで品種改良されたことから。和名は「独逸菖蒲（ドイツアヤメ）」。,ギリシャ神話の虹の女神イリスにちなみ、虹のように様々な花色があることから「使者」「恋のメッセージ」。花びらが大きくフリルのように波打ち、とても豪華で存在感があることから「豊満」「燃える思い」。,"5月23日,5月29日,6月29日",アヤメ科。地中海沿岸原産。アイリスの中でも特に華やかで、「レインボーフラワー」と呼ばれるほど色の種類が豊富です。乾燥した場所を好みます。,https://upload.wikimedia.org/wikipedia/commons/a/a6/Iris_germanica_purple.jpg
スイートピー,"門出,別離,優しい思い出,蝶のように飛躍する",甘い（Sweet）香りのする、豆（Pea）の花であることから名付けられました。和名は「麝香連理草（ジャコウレンリソウ）」。,花びらが左右に広がり、今にも飛び立とうとしている蝶の姿に見えることから、新しい世界への「門出」や「飛躍」を意味するようになりました。その飛び立つ姿が、親しい人との別れを連想させるため「別離」や「優しい思い出」とも。,"1月14日,3月20日,6月9日",マメ科。イタリア、シチリア島原産。イギリス王妃が愛した花として有名になり、春の卒業・入学シーズンの贈り物として大人気です。,https://upload.wikimedia.org/wikipedia/commons/2/23/Lathyrus_odoratus_in_garden.jpg
スイセン（水仙）,"うぬぼれ,自己愛,神秘,尊重",中国の古典で「水辺に咲く仙人」を意味する言葉に由来します。学名はギリシャ神話の美少年ナルキッソスからです。,ギリシャ神話の美少年ナルキッソスが、泉に映った自分の美しい姿に恋をして、その場を離れられずに衰弱死して花になったという伝説から「うぬぼれ」「自己愛」。水辺でうつむいて自分の姿を見つめるように咲く姿がその物語を表しています。,"1月3日,1月13日,1月19日",ヒガンバナ科。地中海沿岸原産。全体に毒を含んでいて、ニラと間違えて食べて中毒になる事故が多いため注意が必要です。,https://upload.wikimedia.org/wikipedia/commons/7/77/Narcissus_tazetta_subsp._chinensis_01.jpg
スイレン（睡蓮）,"清純な心,信頼,信仰,冷淡",昼間に花を開き、午後になると閉じて眠るように見えることから「睡眠する蓮」＝「睡蓮」と名付けられました。,古代エジプトでは、泥の中から茎を伸ばし、水面に清らかな花を咲かせる姿が、再生の象徴とされ「信仰」「清純な心」を表しました。学名は水の精霊ニンフ（妖精）に由来し、その神秘的な美しさから名付けられました。,"4月27日,5月8日,7月10日",スイレン科。世界中に分布しています。フランスの画家モネが晩年に愛し、描き続けた「睡蓮」の絵画でも世界的に有名です。,https://upload.wikimedia.org/wikipedia/commons/d/d7/Nymphaea_colorata_01.jpg
スズラン（鈴蘭）,"再び幸せが訪れる,純粋,純潔,謙遜",花の形が鈴のように見え、蘭の葉に似ていることから。でもランの仲間ではなくキジカクシ科です。,フランスでは5月1日に大切な人へスズランを贈る習慣があり、贈られた人には幸せが訪れると言われることから「再び幸せが訪れる」。聖母マリアの涙から生まれたという伝説があり、その真っ白な姿から「純粋」「純潔」。,"5月1日,5月28日",キジカクシ科。ヨーロッパ、アジア原産。北海道を代表する花です。可愛い見た目とは裏腹に、全体に猛毒を含んでいて、花を活けた水を飲んでも中毒を起こすので注意が必要です。,https://upload.wikimedia.org/wikipedia/commons/e/e4/Convallaria_majalis_0002.JPG
スターチス,"変わらぬ心,途絶えぬ記憶,永久不変",ギリシャ語の「止める」という意味に由来し、下痢止めの薬として使われたことや、花の色があせないことにちなみます。,カサカサとした花（実際はガク）は水分が少なく、ドライフラワーにしても色や形がほとんど変わらず、きれいな状態をずっと保てることから「変わらぬ心」「永久不変」という永遠を誓う言葉がつきました。,"4月29日,5月7日,11月17日",イソマツ科。地中海沿岸原産。今は「リモニウム」という名前で売られていますが、昔の名前のスターチスで親しまれています。花持ちがすごく良く、仏花からアレンジメントまで幅広く使われます。,https://upload.wikimedia.org/wikipedia/commons/9/91/Limonium_sinuatum_flower_closeup.jpg
ストック,"愛の絆,豊かな愛,見つめる未来,永遠の美",茎（Stock）が太くて丈夫であることから名付けられました。和名は「紫羅欄花（アラセイトウ）」。,昔、敵国の王子と恋に落ちた姫が、城を抜け出そうとしてロープから落ちて亡くなり、その場所からストックが咲いたという悲しい伝説があります。この物語から、死んでも変わらぬ「愛の絆」や、一途な思いを象徴する花となりました。,"1月20日,2月9日,3月2日",アブラナ科。南ヨーロッパ原産。甘い香りがあり、春の花壇や切り花として人気です。ボリュームのある八重咲きの品種が主流です。,https://upload.wikimedia.org/wikipedia/commons/e/ec/Matthiola_incana_SZ129.jpg
ストレリチア（極楽鳥花）,"気取った恋,恋する伊達男,輝かしい未来,すべてを手に入れる",花の色や形が、ニューギニアに住む美しい鳥「極楽鳥（フウチョウ）」に似ていることから。,極彩色でエキゾチックな花の姿が、派手に着飾って異性の気を引こうとする男性に見えることから「恋する伊達男」「気取った恋」。空に向かって鳥が羽ばたくような形から「輝かしい未来」への飛躍を意味します。,"11月23日,12月16日",バショウ科。南アフリカ原産。くちばしのような部分から鮮やかなオレンジと青の花が立ち上がる姿は、観葉植物としても切り花としても圧倒的な存在感を放ちます。,https://upload.wikimedia.org/wikipedia/commons/e/e4/Strelitzia_regina.jpg
スノードロップ,"希望,慰め,逆境の中の希望",雪（Snow）のしずく（Drop）、または耳飾り（Eardrop）に似ていることから。和名は「待雪草（マツユキソウ）」。,アダムとイブが楽園を追放されて寒さに震えていた時、天使が舞い降りて雪をこの花に変え「もうすぐ春が来るから絶望してはいけない」と励ましたという伝説から「希望」「慰め」。冬の終わりに一番に咲く希望の花です。,"1月1日,1月7日,1月16日",ヒガンバナ科。ヨーロッパ原産。真っ白な花びらの内側に、緑色のハート模様があるのがチャームポイントです。スコットランドでは不吉な迷信もあるので、贈り物にする時は少し注意が必要です。,https://upload.wikimedia.org/wikipedia/commons/e/e0/Galanthus_nivalis.jpg
スパティフィラム,"上品な淑女,清らかな心,包み込む愛",ギリシャ語の「仏炎苞（spathe）」と「葉（phyllon）」に由来し、葉のような仏炎苞を持つことから。,純白の仏炎苞（ぶつえんほう）が、白いベールをまとった貴婦人のように美しく、スッと立ち上がって咲く姿から「上品な淑女」。その白さが汚れのない「清らかな心」を連想させます。,"9月1日,12月23日",サトイモ科。熱帯アメリカ原産。白いカラーに似ていますが、こちらは葉が多く観葉植物として扱われます。日陰に強く室内でもよく育ちます。,https://upload.wikimedia.org/wikipedia/commons/e/ee/Spathiphyllum_wallisii_Macro.jpg
スカビオサ,"不幸な愛,私はすべてを失った,未亡人,風情",ラテン語の「疥癬（scabie）」に由来し、昔は皮膚病を治す薬草として使われていたそうです。英語名は「喪に服す花嫁（Mourning bride）」。,紫や青のシックな花色が、喪服を着た未亡人を連想させることや、戦争で夫を亡くした花嫁がこの花を捧げたという言い伝えから「不幸な愛」「私はすべてを失った」という悲しい花言葉がつきました。,"4月26日,6月30日",スイカズラ科。ヨーロッパ原産。和名は「西洋松虫草（セイヨウマツムシソウ）」。花言葉は切ないですが、その繊細でおしゃれな姿から、ガーデニングやブーケには大人気です。,https://upload.wikimedia.org/wikipedia/commons/d/dc/Scabiosa_atropurpurea0.jpg
スミレ（菫）,"謙虚,誠実,小さな幸せ",花の形が、大工さんが使う「墨入れ（墨壺）」に似ていることから「墨入れ」→「スミレ」になったと言われています。,道端や草陰でひっそりと、でもしっかりと美しい紫色の花を咲かせる姿から「謙虚」「誠実」。ナポレオンの妻ジョセフィーヌが愛した花としても有名で、彼女にとっての「小さな幸せ」のシンボルでした。,"1月8日,2月21日",スミレ科。日本をはじめ世界中に分布しています。日本は「スミレ王国」と呼ばれるほど種類が豊富です。パンジーやビオラもスミレの仲間です。,https://upload.wikimedia.org/wikipedia/commons/c/c8/Viola_mandshurica_2.jpg
スグリ（酸塊）,"あなたの不機嫌が私を苦しめる,予想,真の幸福",実がものすごく酸っぱい塊であることから「酸塊（すぐり）」と書かれます。英語名は「グースベリー」。,枝に鋭いトゲがあって触ると痛いことや、実が酸っぱいことから、気難しい相手への気持ちとして「あなたの不機嫌が私を苦しめる」。一方で、熟した実は美味しくてジャムになることから「真の幸福」とも。,7月7日,スグリ科。ヨーロッパ原産。カシス（黒スグリ）もこの仲間です。漢字の通り、生で食べると飛び上がるほど酸っぱいです。,https://upload.wikimedia.org/wikipedia/commons/9/90/Ribes_uva-crispa_002.jpg
ススキ（薄/芒）,"活力,心が通じる,悔いなき青春",すくすくと立つ木（草）という意味の「すくすき」が変化した説などがあります。秋の七草の一つで「尾花（おばな）」とも呼ばれます。,厳しい環境でも根を張り、刈られてもすぐに伸びてくる強い生命力から「活力」。お月見にススキを飾るのは、神様の依り代（よりしろ）として、神様と「心が通じる」ことを願うためと言われています。,"9月15日,10月22日",イネ科。東アジア原産。日本の秋の風景そのものです。昔は茅葺屋根の材料や家畜の餌として、生活に欠かせない資源でした。,https://upload.wikimedia.org/wikipedia/commons/d/d7/Miscanthus_sinensis_3.jpg
セントポーリア,"小さな愛,深窓の美女,親愛の情",19世紀末に東アフリカでこの花を発見したドイツ人、セントポール男爵にちなんで名付けられました。和名は「アフリカスミレ」。,室内の直射日光が当たらない場所（深窓）でも、一年中可愛い花を咲かせ続ける姿が、屋敷の奥で大切に育てられた箱入り娘を思わせることから「深窓の美女」。その可憐な姿から「小さな愛」とも。,"2月16日,12月22日",イワタバコ科。タンザニア原産。蛍光灯の光でも育つので「室内花の女王」と呼ばれます。世界中に熱心な愛好家がいる植物です。,https://upload.wikimedia.org/wikipedia/commons/e/ea/Saintpaulia_ionantha_051105.jpg
センニチコウ（千日紅）,"色あせぬ愛,不朽,不変,永遠の恋",花の色がとても長く保たれ、ドライフラワーにしても千日以上（長い間）色あせないと言われることから名付けられました。,水分が少なくてカサカサした花は、切った後も色や形がほとんど変わらないことから、永遠に変わらない気持ちを誓う「色あせぬ愛」「不朽」のシンボルとされます。,"8月14日,8月30日,9月22日",ヒユ科。熱帯アメリカ原産。暑さと乾燥にものすごく強く、夏の花壇の救世主です。丸いキャンディのような形が可愛らしい花です。,https://upload.wikimedia.org/wikipedia/commons/9/96/Gomphrena_globosa_Makro_2.jpg
センリョウ（千両）,"利益,裕福,財産,恵まれた才能",秋から冬につける真っ赤な実が美しく、お正月の縁起物として価値があることから、大金（千両）に例えて名付けられました。,たっぷりと実る赤い実が、豊かさや富を象徴することから「利益」「裕福」。マンリョウ（万両）と一緒に、商売繁盛や金運アップの縁起木として昔から愛されています。「恵まれた才能」は、葉の上に実がつく独特の姿から。,"1月3日,12月28日",センリョウ科。日本、東アジア原産。万両は葉の下に実がつきますが、千両は葉の上に実がつくのが特徴です。鳥に見つけてもらいやすくするためだそうです。,https://upload.wikimedia.org/wikipedia/commons/2/23/Sarcandra_glabra_fruit_2.jpg
ゼラニウム,"真の友情,尊敬,信頼,決心",実の形がツル（鶴）のくちばしに似ていることから、ギリシャ語の「鶴（geranos）」に由来します。,ヨーロッパでは昔から、窓辺にゼラニウムを飾ると魔除けや虫除けになると信じられていて、家を守る頼もしい花として「尊敬」「信頼」とされました。,"4月3日,4月24日,6月29日",フウロソウ科。南アフリカ原産。独特の強い香りがあり、ヨーロッパの街角では窓辺を飾る定番の花です。虫が嫌う成分を含んでいます。,https://upload.wikimedia.org/wikipedia/commons/3/3d/Geranium_Pelargonium_Flower.jpg
セツブンソウ（節分草）,"気品,光輝,人間嫌い",節分（2月初め）の頃に、他の花よりも先に咲くことから名付けられました。日本特産の「春の妖精（スプリング・エフェメラル）」です。,早春のまだ人が入らないような山奥で、雪を割ってひっそりと白い花を咲かせる姿が、世俗を離れた隠者のように見えることから「人間嫌い」。その透き通るような美しさから「気品」とも。,2月3日,キンポウゲ科。日本固有種。石灰岩質の土地が好きです。乱獲で絶滅危惧種になってしまい、自生地は大切に保護されています。,https://upload.wikimedia.org/wikipedia/commons/3/36/Eranthis_pinnatifida_2.jpg
センダン（栴檀）,意見の相違,ことわざの「栴檀は双葉より芳し」の栴檀（白檀のこと）とは別の植物ですが、実の形が数珠に使われることから名付けられた説があります。,秋になると大量の実をつけ、葉が落ちた後も木に残って目立ちますが、その姿が美しいか、散らかって迷惑かで評価が分かれることや、実が苦いことから、複雑な人間関係や「意見の相違」を表すようになったと言われます。,6月26日,センダン科。西日本、アジア原産。成長が早く大きな木になります。初夏に薄紫色の小さな花を雲のように咲かせ、甘い香りを漂わせます。,https://upload.wikimedia.org/wikipedia/commons/f/f3/Melia_azedarach_flowers.jpg
ソバ（蕎麦）,"懐かしい思い出,喜びも悲しみも,恋人",実の形が角ばっていることから「稜（そば）」と呼ばれ、それが今の名前になりました。,痩せた土地や寒い場所でも育ち、飢饉の時に人々を救い、喜びも悲しみも共にしてきた歴史から「喜びも悲しみも」。白い小さな花が一面に咲く畑の風景が、故郷の原風景として「懐かしい思い出」を呼び起こします。,"9月11日,11月1日",タデ科。中央アジア原産。茎が赤いのは、土の神様に怒られて赤くなったという伝説があります。花は可愛いですが、日本の食文化にはなくてはならない存在です。,https://upload.wikimedia.org/wikipedia/commons/e/e0/Fagopyrum_esculentum_flower_closeup.jpg
ソテツ（蘇鉄）,"雄々しい,強がり",弱った時に、鉄クギを打ち込むと蘇る（元気になる）という言い伝えから「蘇鉄」と名付けられました。,太い幹が力強く立ち上がり、硬くて鋭い葉を四方に広げる姿が、鎧を着た武士のように見えることから「雄々しい」。南国的な生命力にあふれ、恐竜時代から生き残っている古代植物としての貫禄を感じさせます。,"8月22日,10月18日",ソテツ科。日本（九州南端・沖縄）、中国原産。種には猛毒があり、毒抜きせずに食べると死に至ることもあるので注意が必要です。,https://upload.wikimedia.org/wikipedia/commons/9/9e/Cycas_revoluta_female_flower.jpg
ソラマメ（空豆）,"憧れ,あどけなさ,奇跡",サヤが空に向かって立ってつくことから「空豆」。また、形が蚕（カイコ）に似ていることから「蚕豆」とも書きます。,サヤが空を見上げるように育つ姿が、天への「憧れ」を抱いているように見えることから。花には黒い点があり、少しとぼけたような愛嬌のある顔に見えるため「あどけなさ」とも。「ジャックと豆の木」のモデルとも言われ「奇跡」の意味も。,3月9日,マメ科。北アフリカ、西アジア原産。世界最古の農作物の一つです。最初は空を向いていますが、完熟するとサヤは下を向きます。,https://upload.wikimedia.org/wikipedia/commons/8/86/Vicia_faba_flowers.jpg
ソケイ（素馨）,"優美,愛らしさ,可憐",中国名の「素馨」をそのまま使っています。黄色い花を咲かせる「キソケイ」や、ジャスミンの仲間をまとめて呼ぶこともあります。,細い枝がしなやかに伸びて、先に鮮やかな黄色の小花を咲かせる姿が、飾り気がなく清楚で美しいことから「優美」「愛らしさ」。ジャスミンの仲間ですが、キソケイには香りがほとんどありません。,3月19日,モクセイ科。ヒマラヤ原産。鮮やかな黄色が春の庭を明るくしてくれます。,https://upload.wikimedia.org/wikipedia/commons/9/91/Jasminum_humile_flower.jpg
シュンラン（春蘭）,"気品,清純,飾らない心,控えめな美",春に咲く蘭であることから。花びらにホクロのような点があることから「ホクロ」という愛称でも親しまれています。,早春の里山で、枯れ葉の中からひっそりと緑色の花を咲かせる姿が、派手さはないものの、凛とした気高さと奥ゆかしさを感じさせることから「気品」「飾らない心」。日本人が昔から愛してきた「わびさび」を感じさせる花です。,"3月26日,4月2日",ラン科。日本、東アジア原産。日本最古の園芸蘭の一つです。花は塩漬けにして「蘭茶」としてお祝いの席で振る舞われます。,https://upload.wikimedia.org/wikipedia/commons/7/77/Cymbidium_goeringii_2.jpg
シュンギク（春菊）,"豊富,とっておき,私を信じて",春に菊に似た黄色い花を咲かせることから「春菊」。関西では「菊菜（キクナ）」と呼ばれることも多いです。,花が咲くと、まるで黄金の冠のように鮮やかで、株いっぱいに溢れるように咲くことから「豊富」。栄養価が高く、独特の香りが食欲をそそる「とっておき」の食材であることに由来します。,11月7日,キク科。地中海沿岸原産。日本では野菜としておなじみですが、ヨーロッパでは観賞用として育てられることが多く、食べるのは東アジアくらいです。,https://upload.wikimedia.org/wikipedia/commons/9/93/Glebionis_coronaria_flower.jpg
シキミ（樒）,"猛毒,甘い誘惑,援助",実が重なってつくことから「重実（しきみ）」、または実が有毒で「悪しき実」が変化したという説があります。,仏前や墓前にお供えする神聖な木ですが、植物全体、特に実に致死性の猛毒を含んでいることから「猛毒」。その香りが動物除けになり、死者を守る役割を果たしてきたことから、仏様の力を借りる「援助」とも。,12月30日,マツブサ科。日本、東アジア原産。実は中華料理のスパイス「八角」にそっくりですが、シキミは劇物なので絶対に食べてはいけません。,https://upload.wikimedia.org/wikipedia/commons/2/22/Illicium_anisatum_fruit.jpg
スイカズラ（吸葛）,"愛の絆,友愛,献身的な愛",花の蜜を吸うと甘いことから「吸い葛」。別名「金銀花」は、白から黄色へ花の色が変わることに由来します。,つるが他の木にしっかりと巻き付いて離れない様子から、強い結びつきを表す「愛の絆」。最初は白い花がやがて黄金色に変わる様子が、時間をかけて深まる関係や、金と銀が寄り添う夫婦のように見えることから「献身的な愛」。,"5月29日,6月15日,6月22日",スイカズラ科。日本全土に分布します。甘い香りがします。つぼみは「金銀花」という漢方薬になり、熱を下げたり毒を消したりする作用があります。,https://upload.wikimedia.org/wikipedia/commons/6/6e/Lonicera_japonica_flower.jpg
スノーフレーク,"純粋,汚れなき心,皆を惹きつける魅力",雪（Snow）のひとひら（Flake）のように可憐な花であることから。和名は「鈴蘭水仙（スズランスイセン）」。,スズランに似たベル型の花と、スイセンのような葉を持っています。純白の花びらの先に、緑色の水玉模様（スポット）がポツンと入っているのがチャームポイントで、その清楚で愛らしいアクセントが「汚れなき心」や「皆を惹きつける魅力」を象徴します。,"1月23日,2月17日,4月16日",ヒガンバナ科。中欧原産。スノードロップやスズランと間違われやすいですが、花びらの緑の点が最大の見分けポイントです。,https://upload.wikimedia.org/wikipedia/commons/2/29/Leucojum_aestivum_20160424_a.jpg
セキチク（石竹）,"純愛,才能,大胆,いつも愛して",岩場（石）に生え、葉が竹に似ていることから「石竹」。中国原産のナデシコの仲間です。,厳しい岩場でも美しく咲く強さと、ナデシコ特有の可憐さを併せ持つことから「純愛」。日本固有のカワラナデシコと並び、古くから「唐撫子（カラナデシコ）」として親しまれ、「大和撫子」のイメージの元の一つにもなりました。,"4月25日,5月28日",ナデシコ科。中国原産。平安時代に日本に来ました。とても丈夫で、日当たりさえ良ければやせ地でもよく育ちます。,https://upload.wikimedia.org/wikipedia/commons/c/c2/Dianthus_chinensis_0.5_R.jpg
サンシュユ（山茱萸）,"持続,耐久,強健",中国名の「山茱萸」の音読みです。秋にグミ（茱萸）に似た赤い実をつけることから。,早春、葉が出る前に木全体が黄金色に輝くほど小花を密集させて咲かせ、その鮮やかさが長く続くことから「持続」。秋には赤い実がなり、滋養強壮の漢方薬として昔から使われてきたことから、体を丈夫にする「強健」「耐久」。,"1月18日,3月17日",ミズキ科。中国、朝鮮半島原産。宮崎県の民謡『稗つき節』に出てくる「庭のさんしゅうの木」はこの木のことです。実は果実酒や漢方薬になります。,https://upload.wikimedia.org/wikipedia/commons/5/52/Cornus_officinalis_flower.jpg
